{"stats":{"minecraft:killed_by":{"minecraft:piglin_brute":1,"minecraft:creeper":1,"minecraft:spider":1,"minecraft:vindicator":2,"minecraft:piglin":1,"minecraft:zombie":1},"minecraft:used":{"minecraft:iron_shovel":577,"minecraft:polished_basalt":1,"minecraft:chest":3,"minecraft:cooked_chicken":2,"minecraft:rotten_flesh":7,"minecraft:netherrack":73,"minecraft:torch":13,"minecraft:dirt":698,"minecraft:golden_shovel":35,"minecraft:snowball":5,"minecraft:azure_bluet":2,"minecraft:iron_axe":171,"minecraft:grass_block":2,"carryon:entity_item":5,"minecraft:sweet_berries":37,"minecraft:oak_sapling":28,"minecraft:furnace":2,"minecraft:gold_block":4,"minecraft:egg":3,"minecraft:cooked_beef":19,"create:copper_ore":1,"minecraft:golden_axe":10,"minecraft:diorite":1,"minecraft:iron_ore":1,"minecraft:stone_pickaxe":81,"minecraft:blackstone":1,"minecraft:wooden_pickaxe":15,"minecraft:polished_blackstone_bricks":5,"minecraft:white_wool":2,"minecraft:gilded_blackstone":1,"minecraft:salmon":2,"minecraft:crafting_table":10,"minecraft:blast_furnace":1,"minecraft:crossbow":9,"minecraft:white_bed":3,"minecraft:spruce_log":88,"minecraft:oak_log":50,"easy_villagers:villager":1,"minecraft:black_wool":1,"minecraft:apple":1,"minecraft:cracked_polished_blackstone_bricks":1,"minecraft:chicken":3,"minecraft:iron_pickaxe":240,"minecraft:map":3,"minecraft:brown_wool":1,"travelersbackpack:white_sleeping_bag":4,"minecraft:stone_slab":1,"minecraft:lilac":1,"minecraft:stone_axe":38,"minecraft:cobblestone":46,"boss_tools:moon_sand":3,"minecraft:purple_bed":1,"minecraft:porkchop":1,"minecraft:cooked_porkchop":7,"minecraft:andesite":2,"minecraft:air":1,"minecraft:cobweb":6},"minecraft:dropped":{"minecraft:iron_ingot":6,"minecraft:wheat_seeds":5,"minecraft:cooked_beef":14,"minecraft:golden_pickaxe":1,"minecraft:diamond":1,"minecraft:spectral_arrow":12,"minecraft:feather":2,"minecraft:golden_axe":1,"minecraft:iron_helmet":1,"minecraft:cobblestone":63,"minecraft:lantern":1,"minecraft:stick":1,"relics:bastion_ring":1,"minecraft:wooden_axe":2,"minecraft:snowball":2,"minecraft:iron_leggings":1,"minecraft:iron_pickaxe":4,"minecraft:iron_shovel":2,"minecraft:white_wool":2,"minecraft:spruce_sapling":15,"minecraft:snow_block":3,"boss_tools:steel_ingot":2,"minecraft:netherite_ingot":1,"minecraft:rotten_flesh":6,"minecraft:golden_shovel":3,"minecraft:filled_map":3,"minecraft:poppy":1,"minecraft:gunpowder":2,"minecraft:leather_boots":1,"travelersbackpack:white_sleeping_bag":1,"minecraft:leather_leggings":1,"easy_villagers:villager":2,"minecraft:spider_eye":1,"minecraft:arrow":1,"minecraft:wooden_pickaxe":1,"minecraft:stone_pickaxe":1,"minecraft:netherrack":10},"minecraft:picked_up":{"minecraft:wooden_axe":1,"minecraft:charcoal":2,"minecraft:crafting_table":10,"minecraft:iron_chestplate":2,"minecraft:azure_bluet":2,"minecraft:chicken":24,"minecraft:leather_leggings":1,"minecraft:golden_pickaxe":3,"minecraft:stone_slab":1,"minecraft:gold_block":11,"minecraft:golden_shovel":6,"minecraft:gilded_blackstone":3,"boss_tools:steel_ingot":2,"minecraft:string":4,"minecraft:iron_axe":4,"minecraft:netherite_ingot":1,"minecraft:iron_leggings":3,"minecraft:iron_shovel":6,"minecraft:blackstone":1,"minecraft:gold_nugget":31,"minecraft:beef":33,"minecraft:red_dye":1,"minecraft:poppy":5,"minecraft:iron_pickaxe":9,"minecraft:coal_block":14,"minecraft:furnace":4,"minecraft:egg":5,"minecraft:stick":89,"minecraft:torch":65,"minecraft:polished_blackstone_bricks":5,"minecraft:porkchop":42,"minecraft:golden_axe":3,"minecraft:diorite":1,"relics:wool_mitten":1,"easy_villagers:villager":1,"minecraft:arrow":6,"minecraft:rotten_flesh":23,"minecraft:polished_basalt":1,"minecraft:mutton":51,"minecraft:snowball":86,"minecraft:white_wool":46,"minecraft:cobblestone":572,"minecraft:basalt":1,"relics:ice_skates":1,"minecraft:feather":28,"minecraft:cooked_beef":30,"minecraft:lilac":1,"minecraft:andesite":2,"minecraft:salmon":4,"minecraft:brown_wool":1,"minecraft:leather":26,"minecraft:potato":28,"minecraft:oak_log":164,"evilcraft:flesh_humanoid":3,"minecraft:golden_boots":1,"minecraft:gunpowder":2,"relics:rune_of_cold":5,"minecraft:map":3,"minecraft:lantern":2,"minecraft:dirt":811,"minecraft:white_banner":4,"minecraft:leather_boots":1,"minecraft:cooked_mutton":51,"minecraft:bone":3,"create:copper_ore":1,"minecraft:apple":1,"minecraft:wheat_seeds":14,"minecraft:cooked_chicken":8,"minecraft:cobweb":6,"minecraft:iron_ingot":87,"minecraft:stone_pickaxe":2,"minecraft:iron_ore":15,"minecraft:glowstone_dust":13,"minecraft:oak_planks":139,"relics:bastion_ring":1,"minecraft:cooked_porkchop":42,"minecraft:sweet_berries":100,"minecraft:spruce_sapling":51,"boss_tools:moon_sand":5,"minecraft:blast_furnace":1,"minecraft:grass_block":31,"minecraft:white_bed":4,"minecraft:spruce_log":215,"minecraft:spectral_arrow":12,"minecraft:spider_eye":3,"travelersbackpack:white_sleeping_bag":6,"minecraft:purple_bed":1,"minecraft:diamond":2,"minecraft:cracked_polished_blackstone_bricks":1,"minecraft:iron_helmet":4,"minecraft:emerald":2,"minecraft:oak_sapling":28,"minecraft:netherrack":83,"minecraft:black_wool":3,"minecraft:coal":248},"minecraft:mined":{"minecraft:white_bed":2,"minecraft:grass_block":416,"minecraft:cracked_polished_blackstone_bricks":2,"travelersbackpack:white_sleeping_bag":3,"minecraft:spruce_leaves":10,"minecraft:gilded_blackstone":6,"minecraft:polished_blackstone_bricks":4,"minecraft:glowstone":5,"minecraft:furnace":1,"minecraft:polished_basalt":1,"minecraft:iron_ore":11,"minecraft:snow":75,"create:copper_ore":1,"minecraft:azure_bluet":1,"minecraft:gold_block":12,"minecraft:lantern":1,"minecraft:stone":175,"minecraft:white_wool":1,"minecraft:blackstone":1,"minecraft:basalt":1,"minecraft:crafting_table":7,"minecraft:torch":4,"minecraft:blast_furnace":1,"minecraft:poppy":4,"minecraft:campfire":1,"minecraft:cobblestone":1,"minecraft:stone_slab":3,"minecraft:tall_grass":16,"minecraft:wall_torch":4,"minecraft:purple_bed":1,"minecraft:sweet_berry_bush":6,"minecraft:lilac":1,"minecraft:spruce_log":89,"boss_tools:moon_sand":3,"minecraft:bee_nest":1,"minecraft:grass_path":3,"minecraft:grass":91,"minecraft:oak_log":55,"minecraft:coal_ore":78,"minecraft:dirt":136,"minecraft:netherrack":20,"minecraft:oak_leaves":4,"minecraft:fern":1},"minecraft:crafted":{"minecraft:oak_planks":100,"minecraft:golden_chestplate":1,"minecraft:leather_leggings":1,"minecraft:leather_boots":2,"minecraft:cooked_chicken":8,"minecraft:furnace":1,"minecraft:cooked_mutton":36,"minecraft:iron_boots":2,"minecraft:iron_axe":1,"minecraft:stone_pickaxe":1,"minecraft:chest":3,"minecraft:golden_helmet":1,"minecraft:cooked_beef":19,"minecraft:cooked_porkchop":27,"minecraft:crafting_table":3,"minecraft:wooden_pickaxe":1,"minecraft:stone_axe":1,"minecraft:air":0,"minecraft:golden_leggings":1,"minecraft:shield":2,"minecraft:stick":12,"minecraft:gold_ingot":27,"minecraft:iron_ingot":1,"minecraft:iron_pickaxe":2,"minecraft:snow_block":3,"minecraft:wooden_axe":1,"minecraft:iron_shovel":3,"minecraft:iron_leggings":2,"minecraft:white_bed":1,"minecraft:torch":24},"minecraft:broken":{"minecraft:iron_shovel":2,"minecraft:golden_shovel":1,"minecraft:iron_axe":1,"minecraft:stone_axe":1},"minecraft:killed":{"minecraft:spider":2,"minecraft:vindicator":3,"minecraft:skeleton":3,"minecraft:bee":2,"minecraft:chicken":11,"minecraft:piglin":1,"minecraft:pig":15,"minecraft:salmon":3,"minecraft:creeper":3,"minecraft:sheep":20,"minecraft:pillager":10,"minecraft:zombie":8,"minecraft:cow":14},"minecraft:custom":{"minecraft:mob_kills":98,"minecraft:interact_with_crafting_table":30,"minecraft:leave_game":5,"minecraft:time_since_death":4208,"minecraft:sprint_one_cm":370666,"minecraft:walk_one_cm":355121,"minecraft:drop":55,"minecraft:talked_to_villager":5,"minecraft:deaths":8,"minecraft:sneak_time":11689,"minecraft:walk_under_water_one_cm":2719,"minecraft:jump":2524,"minecraft:interact_with_blast_furnace":12,"minecraft:walk_on_water_one_cm":4257,"minecraft:interact_with_furnace":42,"minecraft:play_one_minute":186371,"minecraft:raid_trigger":1,"minecraft:sleep_in_bed":8,"minecraft:time_since_rest":4236,"minecraft:damage_taken":4477,"minecraft:damage_dealt":11251,"minecraft:swim_one_cm":7236,"minecraft:fly_one_cm":512150,"minecraft:open_chest":126,"minecraft:crouch_one_cm":41314,"minecraft:fall_one_cm":66639}},"DataVersion":2586}