{"stats":{"minecraft:killed_by":{"minecraft:wolf":1,"minecraft:piglin_brute":5,"minecraft:creeper":1,"minecraft:piglin":2},"minecraft:used":{"minecraft:iron_shovel":295,"easy_villagers:breeder":1,"minecraft:oak_sign":1,"minecraft:chest":2,"minecraft:shield":17,"minecraft:iron_sword":57,"minecraft:netherrack":140,"minecraft:torch":5,"minecraft:dirt":54,"minecraft:wooden_axe":3,"minecraft:lava_bucket":11,"minecraft:iron_axe":22,"carryon:entity_item":10,"easy_villagers:iron_farm":2,"minecraft:pink_wool":1,"carryon:tile_item":6,"minecraft:beef":2,"minecraft:sweet_berries":15,"minecraft:furnace":5,"create:dolomite_cobblestone":3,"minecraft:cooked_beef":5,"create:copper_ore":1,"minecraft:cooked_mutton":8,"minecraft:water_bucket":16,"minecraft:snow_block":1,"minecraft:stone_pickaxe":28,"minecraft:oak_planks":30,"minecraft:cobblestone_slab":1,"minecraft:polished_blackstone_bricks":2,"minecraft:gilded_blackstone":3,"minecraft:crafting_table":7,"boss_tools:sky_stone":3,"minecraft:oak_log":10,"easy_villagers:villager":10,"minecraft:black_wool":1,"minecraft:apple":1,"minecraft:cracked_polished_blackstone_bricks":7,"minecraft:bread":6,"minecraft:iron_pickaxe":430,"travelersbackpack:white_sleeping_bag":4,"minecraft:stone_axe":32,"minecraft:cobblestone":60,"minecraft:white_banner":2,"minecraft:cooked_porkchop":5,"minecraft:bucket":30,"minecraft:glass_pane":4,"minecraft:cobweb":4},"minecraft:dropped":{"minecraft:golden_boots":1,"minecraft:iron_ingot":32,"minecraft:porkchop":1,"minecraft:wheat_seeds":11,"minecraft:golden_pickaxe":1,"minecraft:diamond":3,"minecraft:golden_axe":1,"minecraft:cobblestone":4,"minecraft:coal_block":14,"minecraft:stick":1,"relics:bastion_ring":2,"minecraft:cobweb":10,"minecraft:dirt":21,"minecraft:wooden_axe":1,"minecraft:map":3,"minecraft:gold_nugget":17,"minecraft:gilded_blackstone":7,"minecraft:red_dye":1,"minecraft:iron_pickaxe":2,"minecraft:white_wool":5,"minecraft:redstone":1,"minecraft:stone_axe":2,"minecraft:sweet_berries":41,"boss_tools:steel_ingot":4,"minecraft:iron_nugget":3,"minecraft:golden_chestplate":1,"minecraft:golden_shovel":2,"evilcraft:flesh_humanoid":1,"create:dolomite_cobblestone":3,"travelersbackpack:white_sleeping_bag":1,"minecraft:chest":1,"minecraft:oak_sapling":4,"boss_tools:moon_sand":7,"easy_villagers:villager":1,"minecraft:arrow":1,"minecraft:stone_pickaxe":1,"minecraft:quartz":2,"minecraft:netherrack":128},"minecraft:picked_up":{"minecraft:crafting_table":4,"minecraft:iron_chestplate":5,"create:dolomite_cobblestone":6,"minecraft:leather_leggings":1,"minecraft:golden_pickaxe":1,"minecraft:lead":4,"minecraft:pink_wool":1,"minecraft:gold_block":5,"minecraft:golden_shovel":1,"minecraft:gilded_blackstone":10,"minecraft:shield":1,"boss_tools:steel_ingot":4,"minecraft:string":30,"minecraft:iron_axe":3,"minecraft:flint_and_steel":1,"minecraft:iron_leggings":1,"minecraft:netherite_ingot":3,"minecraft:iron_shovel":4,"minecraft:blackstone":7,"minecraft:glass_pane":44,"minecraft:gold_nugget":77,"minecraft:beef":2,"minecraft:cobblestone_slab":1,"minecraft:iron_nugget":3,"minecraft:poppy":1,"minecraft:iron_pickaxe":15,"minecraft:lectern":3,"minecraft:coal_block":14,"minecraft:sugar_cane":62,"minecraft:chest":4,"minecraft:iron_boots":3,"minecraft:furnace":5,"minecraft:stick":9,"minecraft:torch":21,"minecraft:snow_block":6,"minecraft:porkchop":10,"minecraft:polished_blackstone_bricks":13,"easy_villagers:iron_farm":1,"minecraft:golden_axe":1,"minecraft:redstone":1,"minecraft:golden_chestplate":4,"easy_villagers:villager":10,"minecraft:gold_ingot":14,"evilcraft:condensed_blood":50,"minecraft:mutton":21,"minecraft:snowball":18,"minecraft:white_wool":8,"minecraft:cobblestone":105,"minecraft:birch_log":1,"minecraft:basalt":1,"minecraft:cooked_beef":14,"minecraft:magma_cream":1,"minecraft:water_bucket":1,"minecraft:leather":8,"evilcraft:flesh_humanoid":4,"minecraft:oak_log":16,"minecraft:golden_boots":3,"minecraft:dirt":443,"minecraft:lantern":1,"minecraft:white_banner":3,"minecraft:leather_boots":1,"minecraft:cooked_mutton":1,"create:copper_ore":1,"minecraft:apple":1,"minecraft:wheat_seeds":15,"minecraft:iron_ingot":21,"minecraft:cobweb":14,"minecraft:iron_ore":11,"minecraft:iron_sword":2,"minecraft:oak_planks":37,"relics:bastion_ring":3,"minecraft:book":72,"minecraft:cooked_porkchop":5,"minecraft:sweet_berries":54,"minecraft:quartz":2,"minecraft:lava_bucket":2,"minecraft:sand":12,"boss_tools:sky_stone":6,"minecraft:spruce_sapling":15,"boss_tools:moon_sand":9,"minecraft:spectral_arrow":36,"travelersbackpack:white_sleeping_bag":7,"minecraft:diamond":7,"minecraft:stone_axe":2,"minecraft:cracked_polished_blackstone_bricks":21,"minecraft:iron_helmet":3,"evilcraft:dark_gem":105,"minecraft:emerald":18,"minecraft:oak_sapling":4,"minecraft:netherrack":684,"minecraft:black_wool":2,"minecraft:coal":34},"minecraft:crafted":{"minecraft:oak_planks":64,"minecraft:oak_sign":3,"minecraft:furnace":1,"minecraft:stone":1,"easy_villagers:iron_farm":1,"minecraft:cooked_mutton":7,"minecraft:glass_pane":32,"minecraft:glass":12,"travelersbackpack:white_sleeping_bag":1,"minecraft:iron_axe":1,"minecraft:stone_pickaxe":1,"minecraft:chest":1,"minecraft:golden_boots":2,"minecraft:cooked_beef":14,"minecraft:red_dye":1,"minecraft:cooked_porkchop":9,"minecraft:crafting_table":3,"minecraft:iron_sword":1,"minecraft:bucket":2,"minecraft:birch_planks":4,"minecraft:stone_axe":1,"minecraft:air":0,"minecraft:shield":1,"minecraft:stick":16,"minecraft:iron_pickaxe":1,"minecraft:iron_ingot":8,"minecraft:wooden_axe":1,"easy_villagers:breeder":1,"minecraft:iron_shovel":2,"minecraft:gold_ingot":4,"minecraft:white_bed":1,"minecraft:torch":8},"minecraft:mined":{"minecraft:nether_gold_ore":13,"create:dolomite":6,"minecraft:grass_block":272,"minecraft:cracked_polished_blackstone_bricks":16,"minecraft:coal_block":14,"travelersbackpack:white_sleeping_bag":4,"minecraft:spruce_leaves":3,"minecraft:gilded_blackstone":12,"minecraft:spawner":1,"minecraft:large_fern":1,"minecraft:polished_blackstone_bricks":13,"easy_villagers:iron_farm":1,"minecraft:furnace":4,"minecraft:iron_ore":9,"minecraft:fire":7,"create:copper_ore":1,"evilcraft:dark_ore":5,"minecraft:gold_block":5,"minecraft:bookshelf":6,"minecraft:cobblestone_slab":1,"minecraft:white_banner":2,"minecraft:stone":15,"boss_tools:sky_stone":6,"minecraft:blackstone":8,"minecraft:soul_fire":1,"minecraft:basalt":2,"minecraft:crafting_table":4,"minecraft:torch":3,"minecraft:chest":2,"minecraft:lectern":1,"minecraft:tall_grass":5,"minecraft:cobblestone":2,"minecraft:oak_planks":9,"minecraft:sugar_cane":8,"minecraft:wall_torch":1,"minecraft:sweet_berry_bush":5,"minecraft:birch_leaves":1,"minecraft:grass_path":3,"minecraft:grass":27,"minecraft:black_wool":2,"minecraft:oak_log":17,"minecraft:coal_ore":19,"evilcraft:blood_stain":1,"minecraft:sand":12,"minecraft:dirt":15,"minecraft:cobweb":10,"minecraft:netherrack":278,"minecraft:oak_leaves":1,"minecraft:fern":1},"minecraft:broken":{"minecraft:iron_shovel":1,"minecraft:iron_pickaxe":1},"minecraft:killed":{"minecraft:piglin_brute":3,"minecraft:magma_cube":7,"minecraft:piglin":2,"minecraft:pig":6,"minecraft:wandering_trader":1,"minecraft:sheep":7,"minecraft:pillager":4,"minecraft:zombie":2,"minecraft:cow":1},"minecraft:custom":{"minecraft:mob_kills":33,"minecraft:interact_with_crafting_table":28,"minecraft:leave_game":4,"minecraft:time_since_death":1680,"minecraft:climb_one_cm":297,"minecraft:sprint_one_cm":306210,"minecraft:walk_one_cm":226513,"minecraft:damage_blocked_by_shield":680,"minecraft:drop":68,"minecraft:talked_to_villager":9,"minecraft:deaths":11,"minecraft:sneak_time":12035,"minecraft:walk_under_water_one_cm":11709,"minecraft:jump":2841,"minecraft:interact_with_blast_furnace":3,"minecraft:walk_on_water_one_cm":34215,"minecraft:interact_with_furnace":31,"minecraft:play_one_minute":192107,"minecraft:raid_trigger":1,"minecraft:sleep_in_bed":6,"minecraft:time_since_rest":1717,"minecraft:damage_taken":4758,"minecraft:damage_dealt":4144,"minecraft:swim_one_cm":15358,"minecraft:fly_one_cm":567807,"minecraft:open_chest":79,"minecraft:crouch_one_cm":37003,"minecraft:fall_one_cm":87968}},"DataVersion":2586}